run,sample_name
ERR10671820,RNA-seq of Pseudomonas putida KT2440 and the derived strain P. putida pig21 treated with 1-octanol and PQS
ERR10671821,RNA-seq of Pseudomonas putida KT2440 and the derived strain P. putida pig21 treated with 1-octanol and PQS
ERR10671822,RNA-seq of Pseudomonas putida KT2440 and the derived strain P. putida pig21 treated with 1-octanol and PQS
ERR10671823,RNA-seq of Pseudomonas putida KT2440 and the derived strain P. putida pig21 treated with 1-octanol and PQS
ERR10671824,RNA-seq of Pseudomonas putida KT2440 and the derived strain P. putida pig21 treated with 1-octanol and PQS
ERR10671825,RNA-seq of Pseudomonas putida KT2440 and the derived strain P. putida pig21 treated with 1-octanol and PQS
ERR10671826,RNA-seq of Pseudomonas putida KT2440 and the derived strain P. putida pig21 treated with 1-octanol and PQS
ERR10671827,RNA-seq of Pseudomonas putida KT2440 and the derived strain P. putida pig21 treated with 1-octanol and PQS
ERR10671828,RNA-seq of Pseudomonas putida KT2440 and the derived strain P. putida pig21 treated with 1-octanol and PQS
ERR10671829,RNA-seq of Pseudomonas putida KT2440 and the derived strain P. putida pig21 treated with 1-octanol and PQS
ERR10671830,RNA-seq of Pseudomonas putida KT2440 and the derived strain P. putida pig21 treated with 1-octanol and PQS
ERR10671831,RNA-seq of Pseudomonas putida KT2440 and the derived strain P. putida pig21 treated with 1-octanol and PQS
ERR10671832,RNA-seq of Pseudomonas putida KT2440 and the derived strain P. putida pig21 treated with 1-octanol and PQS
ERR10671833,RNA-seq of Pseudomonas putida KT2440 and the derived strain P. putida pig21 treated with 1-octanol and PQS
ERR10671834,RNA-seq of Pseudomonas putida KT2440 and the derived strain P. putida pig21 treated with 1-octanol and PQS
ERR10671835,RNA-seq of Pseudomonas putida KT2440 and the derived strain P. putida pig21 treated with 1-octanol and PQS
ERR10671836,RNA-seq of Pseudomonas putida KT2440 and the derived strain P. putida pig21 treated with 1-octanol and PQS
ERR10671837,RNA-seq of Pseudomonas putida KT2440 and the derived strain P. putida pig21 treated with 1-octanol and PQS
ERR10671838,RNA-seq of Pseudomonas putida KT2440 and the derived strain P. putida pig21 treated with 1-octanol and PQS
ERR10671839,RNA-seq of Pseudomonas putida KT2440 and the derived strain P. putida pig21 treated with 1-octanol and PQS
ERR10671840,RNA-seq of Pseudomonas putida KT2440 and the derived strain P. putida pig21 treated with 1-octanol and PQS
ERR10671841,RNA-seq of Pseudomonas putida KT2440 and the derived strain P. putida pig21 treated with 1-octanol and PQS
ERR10671842,RNA-seq of Pseudomonas putida KT2440 and the derived strain P. putida pig21 treated with 1-octanol and PQS
ERR10671843,RNA-seq of Pseudomonas putida KT2440 and the derived strain P. putida pig21 treated with 1-octanol and PQS
ERR10671844,RNA-seq of Pseudomonas putida KT2440 and the derived strain P. putida pig21 treated with 1-octanol and PQS